column,missing_fraction,drop_for_ml_ready,drop_for_cluster_optional
mcq149___menstrual_periods_started_yet?,1.0,True,True
medication_21,0.9997310743579401,True,True
medication_22,0.9997310743579401,True,True
medication_20,0.99959661153691,True,True
mcq230c___what_kind_of_cancer_third_mention,0.9993276858948501,True,True
medication_19,0.9993276858948501,True,True
mcq510b___liver_condition_non_alcoholic_fatty_liver,0.9991932230738201,True,True
medication_18,0.9990587602527901,True,True
cdq009g___pain_in_left_arm,0.9985209089686702,True,True
cdq009c___pain_in_neck,0.9983864461476402,True,True
medication_17,0.9983864461476402,True,True
mcq510e___liver_condition_autoimmune,0.9982519833266101,True,True
cdq009a___pain_in_right_arm,0.9981175205055802,True,True
medication_16,0.9975796692214602,True,True
mcq510c___liver_condition_alcoholic_liver_disease,0.9970418179373404,True,True
rhq020___age_range_at_first_menstrual_period,0.9967728922952803,True,True
medication_15,0.9966384294742504,True,True
whd080u___had_weight_loss_surgery_to_lose_weight,0.9966384294742504,True,True
URDFLOW3_urine_3_flow_rate_ml_min,0.9961005781901304,True,True
URDTIME3_minutes_b_w_urine_2_urine_3,0.9961005781901304,True,True
URXVOL3_the_volume_of_urine_collection_3_ml,0.9961005781901304,True,True
mcq230b___what_kind_of_cancer_second_mention,0.9961005781901304,True,True
rhq070___age_range_at_last_menstrual_period,0.9961005781901304,True,True
medication_14,0.9952938012639505,True,True
medication_13,0.9942180986957107,True,True
cdq009b___pain_in_right_chest,0.9940836358746806,True,True
rhq542b___hormone_patches_used,0.9931423961274708,True,True
whd080p___started_to_smoke_or_began_to_smoke_again,0.9930079333064408,True,True
PHAALCHR_alcohol_fast_time_hours,0.9923356192012909,True,True
PHAALCMN_alcohol_fast_time_minutes,0.9923356192012909,True,True
cdq009e___pain_in_lower_sternum,0.9923356192012909,True,True
mcq510d___liver_condition_hepatitis,0.9920666935592308,True,True
whd080l___other,0.9919322307382009,True,True
rxdrsc3___icd_10_cm_code_3,0.991528842275111,True,True
rxdrsd3___icd_10_cm_code_3_description,0.991528842275111,True,True
LBXHCG_hepatitis_c_genotype,0.990990990990991,True,True
whd080k___took_laxatives_or_vomited,0.9908565281699611,True,True
heq020___ever_prescribed_meds_treat_hepatitis_b?,0.990184214064811,True,True
mcq510f___liver_condition_other,0.990184214064811,True,True
PHAANTHR_antacids_laxatives_fast_time_hours,0.9900497512437811,True,True
PHAANTMN_antacids_laxatives_fast_time_minutes,0.9900497512437811,True,True
medication_12,0.9899152884227511,True,False
cdq009f___pain_in_left_chest,0.9873604948231814,True,False
medication_11,0.9861503294339116,True,False
rhq542c___hormone_cream/suppository/injection_used,0.9856124781497916,True,False
mcd180d___age_when_told_you_had_angina,0.9853435525077316,True,False
PHACOFHR_coffee_tea_fast_time_hours,0.9844023127605217,True,False
PHACOFMN_coffee_tea_fast_time_minutes,0.9844023127605217,True,False
heq040___ever_prescribed_meds_treat_hepatitis_c?,0.9831921473712518,True,False
cdq009d___pain_in_upper_sternum,0.982250907624042,True,False
whd080i___took_prescription_diet_pills,0.982250907624042,True,False
mcd180b___age_when_told_you_had_chf,0.9799650396665323,True,False
mcd180c___age_when_told_you_had_chd,0.9792927255613822,True,False
PHASUPHR_dietary_supplements_fast_time_hours,0.9791582627403523,True,False
PHASUPMN_dietary_supplements_fast_time_minutes,0.9791582627403523,True,False
medication_10,0.9783514858141724,True,False
SSVARGI_varicella_gpelisa_interpretation,0.9779480973510825,True,False
whd080h___joined_a_weight_loss_program,0.9776791717090224,True,False
mcq510a___liver_condition_fatty_liver,0.9767379319618126,True,False
kiq025___received_dialysis_in_past_12_months?,0.9749899152884227,True,False
mcd180e___age_when_told_you_had_heart_attack,0.9748554524673928,True,False
diq060u___unit_of_measure_(month/year),0.9720317332257631,True,False
did060___how_long_taking_insulin,0.9714938819416431,True,False
mcd180f___age_when_told_you_had_a_stroke,0.9705526421944333,True,False
rhq542a___hormone_pills_used,0.9702837165523732,True,False
rhq554___use_hormone_pills_w/estrogen_only,0.9702837165523732,True,False
rhq570___used_estrogen/progestin_combo_pills,0.9702837165523732,True,False
PHAGUMHR_gum_mints_cough_drops_fast_time_hours,0.9692080139841334,True,False
PHAGUMMN_gum_mints_cough_fast_time_minutes,0.9692080139841334,True,False
rhq200___now_breastfeeding_a_child?,0.9684012370579534,True,False
whd080j___took_non_rx_suppl._to_lose_weight,0.9682667742369235,True,False
rhq197___how_many_months_ago_have_baby?,0.9681323114158935,True,False
medication_9,0.9679978485948635,True,False
rhq332___age_when_both_ovaries_removed,0.9671910716686836,True,False
whd080n___followed_a_special_diet,0.9630227242167541,True,False
whd080g___used_a_liquid_diet_formula,0.9624848729326341,True,False
cdq006___how_soon_is_the_pain_relieved,0.9622159472905741,True,False
rxdrsc2___icd_10_cm_code_2,0.9583165254807046,True,False
rxdrsd2___icd_10_cm_code_2_description,0.9583165254807046,True,False
mcd180l___age_when_told_you_had_liver_condition,0.9562995831652548,True,False
mcq170l___still_have_liver_condition,0.9562995831652548,True,False
medication_8,0.9554928062390748,True,False
cdq005___does_standing_relieve_pain/discomfort,0.954013715207745,True,False
whd080f___ate_diet_foods_or_products,0.9519967728922952,True,False
cdq004___if_so_does_sp_continue_or_slow_down,0.9482318139034557,False,False
kiq470___how_frequently_does_this_occur?,0.9463493344090359,False,False
cdq003___during_an_ordinary_pace_on_level_ground,0.945542557482856,False,False
mcq230a___what_kind_of_cancer_first_mention,0.945408094661826,False,False
mcq500___ever_told_you_had_any_liver_condition,0.9380126395051768,False,False
medication_7,0.9380126395051768,False,False
did250___past_year_how_many_times_seen_doctor,0.9221460266236385,False,False
mcq570___age_when_1st_had_gallbladder_surgery?,0.9214737125184886,False,False
kiq029___pass_kidney_stone_in_past_12_months?,0.9210703240553987,False,False
diq260u___unit_of_measure_(day/week/month/year),0.9205324727712787,False,False
mcd093___year_receive_blood_transfusion,0.9194567702030388,False,False
mcq170m___still_have_thyroid_problem,0.917843216350679,False,False
diq350u___unit_of_measure_(day/week/month/year),0.9159607368562592,False,False
medication_6,0.9159607368562592,False,False
mcd180m___age_when_told_you_had_thyroid_problem,0.9142127201828695,False,False
diq280___what_was_your_last_a1c_level,0.9136748688987495,False,False
diq291___what_does_dr_say_a1c_should_be,0.9134059432566896,False,False
did330___what_does_dr_say_ldl_should_be,0.9025144547532608,False,False
mcq040___had_asthma_attack_in_past_year,0.9017076778270808,False,False
mcq050___emergency_care_visit_for_asthma/past_yr,0.9013042893639909,False,False
diq275___past_year_dr_checked_for_a1c,0.8982116444803012,False,False
diq360___last_time_had_pupils_dilated_for_exam,0.8970014790910313,False,False
did341___past_year_times_dr_check_feet_for_sores,0.8963291649858814,False,False
did350___how_often_do_you_check_your_feet,0.8963291649858814,False,False
diq230___how_long_ago_saw_a_diabetes_specialist,0.8961947021648514,False,False
did260___how_often_check_blood_for_glucose/sugar,0.8959257765227915,False,False
diq080___diabetes_affected_eyes/had_retinopathy,0.8959257765227915,False,False
diq240___is_there_one_dr_you_see_for_diabetes,0.8959257765227915,False,False
did320___what_was_most_recent_ldl_number,0.8957913137017615,False,False
diq300d___what_was_your_recent_dbp,0.8957913137017615,False,False
diq300s___what_was_your_recent_sbp,0.8957913137017615,False,False
did040___age_when_first_told_you_had_diabetes,0.8956568508807314,False,False
did310d___what_does_dr_say_dbp_should_be,0.8956568508807314,False,False
did310s___what_does_dr_say_sbp_should_be,0.8956568508807314,False,False
diq050___taking_insulin_now,0.8956568508807314,False,False
medication_5,0.8853032136614226,False,False
oral_gum_problem_yesno,0.8840930482721527,False,False
alq290___#_times_12+_drinks_in_1_day/past_12_mos,0.8824794944197929,False,False
whd080e___skipped_meals,0.8756218905472637,False,False
URDFLOW2_urine_2_flow_rate_ml_min,0.8695710636009143,False,False
URDTIME2_minutes_b_w_urine_1_urine_2,0.8695710636009143,False,False
URXVOL2_the_volume_of_urine_collection_2_ml,0.8695710636009143,False,False
smq078___how_soon_after_waking_do_you_smoke,0.8562592443189458,False,False
rhd143___are_you_pregnant_now?,0.8553180045717359,False,False
cdq002___sp_get_it_walking_uphill_or_in_a_hurry,0.8393169288691676,False,False
cdq008___severe_pain_in_chest_more_than_half_hour,0.8386446147640177,False,False
medication_4,0.8381067634798978,False,False
mcq035___still_have_asthma,0.8351485814172381,False,False
whd080c___ate_less_fat_to_lose_weight,0.8332661019228184,False,False
mcq025___age_when_first_had_asthma,0.8319214737125185,False,False
whd080o___ate_fewer_carbohydrates,0.8311146967863385,False,False
whd080b___switched_to_foods_with_lower_calories,0.8303079198601586,False,False
kiq450___how_frequently_does_this_occur?,0.827484200618529,False,False
smq050u___unit_of_measure_(day/week/month/year),0.8237192416296893,False,False
smd057___#_cigarettes_smoked_per_day_when_quit,0.8231813903455695,False,False
smq050q___how_long_since_quit_smoking_cigarettes,0.8231813903455695,False,False
rhd043___reason_not_having_regular_periods,0.8156514723678903,False,False
ocq210___usually_work_35_or_more_hours_per_week,0.8135000672314106,False,False
rhq060___age_at_last_menstrual_period,0.8133656044103805,False,False
smd100fl___cigarette_filter_type,0.8132311415893505,False,False
smd100mn___cigarette_menthol_indicator,0.8126932903052306,False,False
kiq430___how_frequently_does_this_occur?,0.8106763479897808,False,False
bpq100d___now_taking_prescribed_medicine,0.8100040338846309,False,False
hud062___how_long_since_last_healthcare_visit,0.8047599838644615,False,False
smd650___avg_#_cigarettes/day_during_past_30_days,0.8046255210434315,False,False
smd641___#_days_smoked_cigs_during_past_30_days,0.8026085787279817,False,False
smq670___tried_to_quit_smoking,0.8026085787279817,False,False
mcq530___where_was_the_most_uncomfortable_pain,0.7945408094661826,False,False
mcq540___ever_seen_a_dr_about_this_pain,0.7940029581820627,False,False
mcq195___which_type_of_arthritis_was_it?,0.7914481645824929,False,False
whq060___weight_change_intentional,0.7862041145623235,False,False
diq070___take_diabetic_pills_to_lower_blood_sugar,0.7789431222267044,False,False
whd080r___changed_eating_habits,0.7750437004168348,False,False
medication_3,0.772488906817265,False,False
"whd080s___ate_less_sugar,_candy,_sweets",0.7653623773026758,False,False
URXPREG_urine_pregnancy_result,0.7650934516606158,False,False
SSAGP_alpha_1_acid_glycoprotein_g_l,0.7582358477880866,False,False
kiq010___how_much_urine_lose_each_time?,0.755143202904397,False,False
bpq050a___now_taking_prescribed_medicine_for_hbp,0.7493613016001076,False,False
pregnancy_status,0.7480166733898077,False,False
SSMMACLC_n_acetyl_s_methyl_l_cysteine_cmt_code,0.7477477477477478,False,False
SSMMAC_n_acetyl_s_methyl_l_cysteine_ng_ml,0.7477477477477478,False,False
SSPPMALC_ppma_cmt_code,0.7477477477477478,False,False
SSPPMA_ppma_ng_ml,0.7477477477477478,False,False
whd080t___ate_less_junk_food_or_fast_food,0.7473443592846578,False,False
pad645___minutes_walk/bicycle_for_transportation,0.7446551028640581,False,False
paq640___number_of_days_walk_or_bicycle,0.7438483259378782,False,False
rhd180___age_at_first_live_birth,0.7380664246335888,False,False
ocd383___main_reason_did_not_work_last_week,0.7353771682129892,False,False
URDMUCLC_trans_trans_muconic_acid_comment_code,0.7351082425709291,False,False
URDPMALC_phenylmercapturic_acid_comment_code,0.7351082425709291,False,False
URXMUCA_trans_trans_muconic_acid_ng_ml,0.7351082425709291,False,False
URXPHMA_phenylmercapturic_acid_ng_ml,0.7351082425709291,False,False
rhd190___age_at_last_live_birth,0.7345703912868092,False,False
SSIPPPL_2_isopropyl_phenyl_phenyl_phosphate_cd,0.7328223746134194,False,False
SSIPPP_2_isopropyl_phenyl_phenyl_phosphateug_l,0.7328223746134194,False,False
SSBPPPL_4_tert_butyl_phenyl_phenyl_phosphate_cd,0.7325534489713594,False,False
SSBPPP_4_tert_butyl_phenyl_phenyl_phosphateug_l,0.7325534489713594,False,False
oral_hygiene_issue_yesno,0.7295952669086997,False,False
"whd080q___ate_more_fruits,_vegetables,_salads",0.7278472502353099,False,False
pad615___minutes_vigorous_intensity_work,0.7220653489310206,False,False
paq610___number_of_days_vigorous_work,0.7203173322576307,False,False
LBDBFOAL_br_perfluorooctanoic_acid_iso_comt_code,0.7191071668683608,False,False
LBDMFOSL_sm_pfos_comment_code,0.7191071668683608,False,False
LBDMPAHL_2_n_methyl_pfosa_acetic_acid_comt_code,0.7191071668683608,False,False
LBDNFOAL_n_perfluorooctanoic_acid_comment_code,0.7191071668683608,False,False
LBDNFOSL_n_perfluorooctane_sulfonic_comt_code,0.7191071668683608,False,False
LBDPFDEL_perfluorodecanoic_acid_comment_code,0.7191071668683608,False,False
LBDPFHSL_perfluorohexane_sulfonic_acid_comt_code,0.7191071668683608,False,False
LBDPFNAL_perfluorononanoic_acid_comment_code,0.7191071668683608,False,False
LBDPFUAL_perfluoroundecanoic_acid_comment_code,0.7191071668683608,False,False
LBXBFOA_br_perfluorooctanoic_acid_iso_ng_ml,0.7191071668683608,False,False
LBXMFOS_sm_pfos_ng_ml,0.7191071668683608,False,False
LBXMPAH_2_n_methyl_pfosa_acetic_acid_ng_ml,0.7191071668683608,False,False
LBXNFOA_n_perfluorooctanoic_acid_ng_ml,0.7191071668683608,False,False
LBXNFOS_n_perfluorooctane_sulfonic_acid_ng_ml,0.7191071668683608,False,False
LBXPFDE_perfluorodecanoic_acid_ng_ml,0.7191071668683608,False,False
LBXPFHS_perfluorohexane_sulfonic_acid_ng_ml,0.7191071668683608,False,False
LBXPFNA_perfluorononanoic_acid_ng_ml,0.7191071668683608,False,False
LBXPFUA_perfluoroundecanoic_acid_ng_ml,0.7191071668683608,False,False
paq655___days_vigorous_recreational_activities,0.7160145219846712,False,False
LBDTFRSI_transferrin_receptor_nmol_l,0.7156111335215812,False,False
transferrin_receptor_mg_l,0.7156111335215812,False,False
bpq030___told_had_high_blood_pressure___2+_times,0.7141320424902514,False,False
bpq040a___taking_prescription_for_hypertension,0.7137286540271615,False,False
bpd035___age_told_had_hypertension,0.7135941912061315,False,False
LBDEOALC_ethylene_oxide_comment_code,0.7115772488906817,False,False
LBXEOA_ethylene_oxide_pmol_g_hb,0.7115772488906817,False,False
oral_decayed_teeth_yesno,0.708619066828022,False,False
URD2MHLC_2_methylhippuric_acid_comment_code,0.7061987360494824,False,False
URD34MLC_3_methipurc_acd_4_methipurc_acid_comt,0.7061987360494824,False,False
URDAAMLC_n_ace_s_2_carbamoylethyl_l_cys_comt,0.7061987360494824,False,False
URDAMCLC_n_ace_s_n_methlcarbamoyl_l_cys_comt,0.7061987360494824,False,False
URDATCLC_2_amnothiazolne_4_carbxylic_acid_comt,0.7061987360494824,False,False
URDBMALC_n_acetyl_s_benzyl_l_cysteine_comt,0.7061987360494824,False,False
URDBPMLC_n_acetyl_s_n_propyl_l_cysteine_comt,0.7061987360494824,False,False
URDCEMLC_n_acetyl_s_2_carbxyethyl_l_cys_comt,0.7061987360494824,False,False
URDCYALC_cyha_cysteine_comment_code,0.7061987360494824,False,False
URDCYMLC_n_acetyl_s_2_cyanoethyl_l_cyst_comt,0.7061987360494824,False,False
URDDHBLC_n_ace_s_3_4_dihidxybutl_l_cys_comt,0.7061987360494824,False,False
URDGAMLC_n_ac_s_2_carbmo_2_hydxel_l_cys_comt,0.7061987360494824,False,False
URDHEMLC_n_ace_s_2_hydroxyethyl_l_cys_comt,0.7061987360494824,False,False
URDHP2LC_n_ace_s_2_hydroxypropyl_l_cys_comt,0.7061987360494824,False,False
URDHPMLC_n_ace_s_3_hydroxypropyl_l_cys_comt,0.7061987360494824,False,False
URDMADLC_mandelic_acid_comment_code,0.7061987360494824,False,False
URDMB3LC_n_a_s_4_hydrxy_2_butenyl_l_cys_comt,0.7061987360494824,False,False
URDPHGLC_phenylglyoxylic_acid_comment_code,0.7061987360494824,False,False
URDPM3LC_ipm3_cysteine_comment_code,0.7061987360494824,False,False
URDTTCLC_2_thoxothazlidne_4_carbxylic_comt,0.7061987360494824,False,False
URX2MH_2_methylhippuric_acid_ng_ml,0.7061987360494824,False,False
URX34M_3_methipurc_acd_4_methipurc_acd_ng_ml,0.7061987360494824,False,False
URXAAM_n_ace_s_2_carbamoylethyl_l_cys_ng_ml,0.7061987360494824,False,False
URXAMC_n_ace_s_n_methlcarbamoyl_l_cys_ng_ml,0.7061987360494824,False,False
URXATC_2_amnothiazolne_4_carbxylic_acid_ng_ml,0.7061987360494824,False,False
URXBMA_n_acetyl_s_benzyl_l_cysteine_ng_ml,0.7061987360494824,False,False
URXBPM_n_acetyl_s_n_propyl_l_cysteine_ng_ml,0.7061987360494824,False,False
URXCEM_n_acetyl_s_2_carbxyethyl_l_cys_ng_ml,0.7061987360494824,False,False
URXCYHA_cyha_cysteine_ng_ml,0.7061987360494824,False,False
URXCYM_n_acetyl_s_2_cyanoethyl_l_cyst_ng_ml,0.7061987360494824,False,False
URXDHB_n_ace_s_3_4_dihidxybutl_l_cys_ng_ml,0.7061987360494824,False,False
URXGAM_n_ac_s_2_carbmo_2_hydxel_l_cys_ng_ml,0.7061987360494824,False,False
URXHEM_n_ace_s_2_hydroxyethyl_l_cys_ng_ml,0.7061987360494824,False,False
URXHP2_n_ace_s_2_hydroxypropyl_l_cys_ng_ml,0.7061987360494824,False,False
URXHPM_n_ace_s_3_hydroxypropyl_l_cys_ng_ml,0.7061987360494824,False,False
URXIPM3_ipm3_cysteine_ng_ml,0.7061987360494824,False,False
URXMAD_mandelic_acid_ng_ml,0.7061987360494824,False,False
URXMB3_n_a_s_4_hydrxy_2_butenyl_l_cys_ng_ml,0.7061987360494824,False,False
URXPHG_phenylglyoxylic_acid_ng_ml,0.7061987360494824,False,False
URXPMM_n_a_s_3_hydrxprpl_1_metl_l_cys_ng_ml,0.7061987360494824,False,False
URXTTC_2_thioxothiazolidine_4_carboxylic_acid,0.7061987360494824,False,False
pad660___minutes_vigorous_recreational_activities,0.7027027027027027,False,False
kiq050___how_much_did_urine_leakage_bother_you?,0.699744520640043,False,False
kiq052___how_much_were_daily_activities_affected?,0.699744520640043,False,False
whd080a___ate_less_to_lose_weight,0.6994755949979831,False,False
URDNO3LC_nitrate_urine_comment_code,0.6983998924297432,False,False
URXNO3_nitrate_urine_ng_ml,0.6983998924297432,False,False
URDSCNLC_thiocyanate_urine_comment_code,0.6982654296087132,False,False
URDUP8LC_perchlorate_urine_comment_code,0.6982654296087132,False,False
URXSCN_thiocyanate_urine_ng_ml,0.6982654296087132,False,False
URXUP8_perchlorate_urine_ng_ml,0.6982654296087132,False,False
URDUCMLC_chromium_urine_comment_code,0.6970552642194433,False,False
URDUHGLC_mercury_urine_comment_code,0.6970552642194433,False,False
URDUIOLC_iodine_urine_comment_code,0.6970552642194433,False,False
URDUNILC_nickel_urine_comment_code,0.6970552642194433,False,False
URXUCM_chromium_urine_ug_l,0.6970552642194433,False,False
URXUHG_urine_mercury_ug_l,0.6970552642194433,False,False
URXUIO_iodine_urine_ug_l,0.6970552642194433,False,False
URXUNI_nickel_urine_ug_l,0.6970552642194433,False,False
URDUASLC_arsenic_total_urine_comment_code,0.6969208013984134,False,False
URXUAS_arsenic_total_urine_ug_l,0.6969208013984134,False,False
URDUBALC_urinary_barium_comment_code,0.6965174129353234,False,False
URDUCDLC_urinary_cadmium_comment_code,0.6965174129353234,False,False
URDUCOLC_urinary_cobalt_comment_code,0.6965174129353234,False,False
URDUCSLC_urinary_cesium_comment_code,0.6965174129353234,False,False
URDUMNLC_urinary_mn_comment_code,0.6965174129353234,False,False
URDUPBLC_urinary_lead_comment_code,0.6965174129353234,False,False
URDUSBLC_urinary_antimony_comment_code,0.6965174129353234,False,False
URDUSNLC_usn_comment_code,0.6965174129353234,False,False
URDUTLLC_urinary_thallium_comment_code,0.6965174129353234,False,False
URDUTULC_urinary_tungsten_comment_code,0.6965174129353234,False,False
URXUBA_barium_urine_ug_l,0.6965174129353234,False,False
URXUCD_cadmium_urine_ug_l,0.6965174129353234,False,False
URXUCO_cobalt_urine_ug_l,0.6965174129353234,False,False
URXUCS_cesium_urine_ug_l,0.6965174129353234,False,False
URXUMN_manganese_urine_ug_l,0.6965174129353234,False,False
URXUMO_molybdenum_urine_ug_l,0.6965174129353234,False,False
URXUPB_lead_urine_ug_l,0.6965174129353234,False,False
URXUSB_antimony_urine_ug_l,0.6965174129353234,False,False
URXUSN_tin_urine_ug_l,0.6965174129353234,False,False
URXUTL_thallium_urine_ug_l,0.6965174129353234,False,False
URXUTU_tungsten_urine_ug_l,0.6965174129353234,False,False
URDUA3LC_urinary_arsenous_acid_comment_code,0.6963829501142934,False,False
URDUA5LC_urinary_arsenic_acid_comment_code,0.6963829501142934,False,False
URDUABLC_urinary_arsenobetaine_comment_code,0.6963829501142934,False,False
URDUACLC_urinary_arsenocholine_comment_code,0.6963829501142934,False,False
URDUDALC_urinary_dimethylarsinic_acid_comment,0.6963829501142934,False,False
URDUMMAL_urinary_monomethylarsonic_acid_comment,0.6963829501142934,False,False
URXUAB_urinary_arsenobetaine_ug_l,0.6963829501142934,False,False
URXUAC_urinary_arsenocholine_ug_l,0.6963829501142934,False,False
URXUAS3_urinary_arsenous_acid_ug_l,0.6963829501142934,False,False
URXUAS5_urinary_arsenic_acid_ug_l,0.6963829501142934,False,False
URXUDMA_urinary_dimethylarsinic_acid_ug_l,0.6963829501142934,False,False
URXUMMA_urinary_monomethylarsonic_acid_ug_l,0.6963829501142934,False,False
alq270___#_times_4_5_drinks_in_2hrs/past_12_mos,0.6931558424095737,False,False
alq280___#_times_8+_drinks_in_1_day/past_12_mos,0.6931558424095737,False,False
WTSSAGPP_surplus_specimen_agp_weights_prepandemic,0.6923490654833938,False,False
whd080m___drank_a_lot_of_water,0.6920801398413339,False,False
URDOP3LC_dimethylthiophosphate_comment_code,0.6918112141992739,False,False
URXOP3_dimethylthiophosphate_ng_ml,0.6918112141992739,False,False
URDBDCLC_bis_1_3_dichloro_2_propyl_phosph_comt,0.691273362915154,False,False
URXBDCP_bis_1_3_dichloro_2_propyl_phosphate,0.691273362915154,False,False
URDOP2LC_diethylphosphate_comment_code,0.6911389000941239,False,False
URDOP4LC_diethylthiophosphate_comment_code,0.6911389000941239,False,False
URXOP2_diethylphosphate_ng_ml,0.6911389000941239,False,False
URXOP4_diethylthiophosphate_ng_ml,0.6911389000941239,False,False
URDDUPLC_dibutyl_phosphate_comment_code,0.690869974452064,False,False
URXDBUP_dibutyl_phosphate,0.690869974452064,False,False
URDOP1LC_dimethylphosphate_comment_code,0.690735511631034,False,False
URXOP1_dimethylphosphate_ng_ml,0.690735511631034,False,False
URDBCPLC_bis_1_chloro_2_propyl_phosphate_comt,0.6906010488100041,False,False
URXBCPP_bis_1_chloro_2_propyl_phosphate,0.6906010488100041,False,False
URDCEPLC_bis_2_chloroethyl_phosphate_comt_code,0.690466585988974,False,False
URDOP6LC_diethyldithiophosphate_comment_code,0.690466585988974,False,False
URXBCEP_bis_2_chloroethyl_phosphate,0.690466585988974,False,False
URXOP6_diethyldithiophosphate_ng_ml,0.690466585988974,False,False
URDBBALC_2_3_4_5_tetrabromobenzoic_acid_comt_code,0.690332123167944,False,False
URDDPHLC_diphenyl_phosphate_comment_code,0.690332123167944,False,False
URDOP5LC_dimethyldithiophosphate_comment_code,0.690332123167944,False,False
URXDPHP_diphenyl_phosphate,0.690332123167944,False,False
URXOP5_dimethyldithiophosphate_ng_ml,0.690332123167944,False,False
URXTBBA_2_3_4_5_tetrabromobenzoic_acid,0.690332123167944,False,False
WTSAPRP_subsample_a_weights_pre_pandemic,0.6893908834207342,False,False
WTSSAPP_surplus_specimen_a_weights_pre_pandemic,0.6893908834207342,False,False
WTVOC2PP_uvoc2_subsample_weights_pre_pandemic,0.6893908834207342,False,False
WTSBAPRP_subsample_ba_weights_pre_pandemic,0.6868360898211644,False,False
WTSBPRP_subsample_b_weights_pre_pandemic,0.681860965443055,False,False
WTSSBPP_surplus_specimen_b_weights_pre_pandemic,0.681860965443055,False,False
medication_2,0.6776926179911255,False,False
rhq172___any_babies_weigh_9_lbs_or_more?,0.6759446013177356,False,False
rhq171___how_many_deliveries_live_birth_result?,0.6750033615705258,False,False
whd080d___exercised_to_lose_weight,0.6745999731074358,False,False
rhq160___how_many_times_have_been_pregnant?,0.6557751781632378,False,False
rhd167___total_number_of_deliveries,0.654565012773968,False,False
"rhq162___during_pregnancy,_told_you_have_diabetes",0.6537582358477881,False,False
whd130___self_reported_height___age_25_(inches),0.6350679037246202,False,False
smd030___age_started_smoking_cigarettes_regularly,0.6257899690735511,False,False
smq040___do_you_now_smoke_cigarettes?,0.6257899690735511,False,False
rhq078___ever_treated_for_a_pelvic_infection/pid?,0.6217560844426516,False,False
rhq074___tried_for_a_year_to_become_pregnant?,0.6193357536641119,False,False
rhq076___seen_a_dr_b/c_unable_to_become_pregnant?,0.6190668280220519,False,False
LBDAMHLC_anti_mullerian_hormone_comment_code,0.6010488100040339,False,False
LBDAMHSI_anti_mullerian_hormone_pmol_l,0.6010488100040339,False,False
LBXAMH_anti_mullerian_hormone_ng_ml,0.6010488100040339,False,False
LBDV06LC_blood_hexane_comment_code,0.5986284792254941,False,False
LBXV06_blood_hexane_ng_ml,0.5986284792254941,False,False
LBDVECLC_blood_chloroethane_comment_code,0.5954013715207745,False,False
LBXVEC_blood_chloroethane_ng_ml,0.5954013715207745,False,False
LBDV4CLC_blood_tetrachloroethene_comment_code,0.5951324458787145,False,False
LBXV4C_blood_tetrachloroethene_ng_ml,0.5951324458787145,False,False
LBDVEELC_blood_diethyl_ether_comment_code,0.5944601317735646,False,False
LBXVDEE_blood_diethyl_ether_ng_ml,0.5944601317735646,False,False
LBDVMELC_blood_mtbe_comment_code,0.591501949710905,False,False
LBXVME_blood_mtbe_ng_ml,0.591501949710905,False,False
LBDVMPLC_blood_methylcyclopentane_comment_code,0.5888126932903053,False,False
LBXVMCP_blood_methylcyclopentane_ng_ml,0.5888126932903053,False,False
LBDVIBLC_blood_isobutyronitrile_comment_code,0.5882748420061853,False,False
LBXVIBN_blood_isobutyronitrile_ng_ml,0.5882748420061853,False,False
LBDVIPLC_blood_isopropylbenzene_comment_code,0.5877369907220653,False,False
LBDVTELC_blood_1_1_1_trichloroethane_comment_code,0.5877369907220653,False,False
LBXVIPB_blood_isopropylbenzene_ng_ml,0.5877369907220653,False,False
LBXVTE_blood_1_1_1_trichloroethane_ng_ml,0.5877369907220653,False,False
LBDVHTLC_blood_tetrahydrofuran_comment_code,0.5873336022589754,False,False
LBXVTHF_blood_tetrahydrofuran_ng_ml,0.5873336022589754,False,False
LBDVEALC_blood_ethyl_acetate_comment_code,0.5865268253327954,False,False
LBXVEA_blood_ethyl_acetate_ng_ml,0.5865268253327954,False,False
LBDVBFLC_blood_bromoform_comment_code,0.5858545112276455,False,False
LBXVBF_blood_bromoform_ng_ml,0.5858545112276455,False,False
LBDVMCLC_blood_methylene_chloride_comment_code,0.5847788086594057,False,False
LBXVMC_blood_methylene_chloride_ng_ml,0.5847788086594057,False,False
LBDVBZLC_blood_benzene_comment_code,0.5846443458383757,False,False
LBDVCTLC_blood_carbon_tetrachloride_comment_code,0.5846443458383757,False,False
LBXVBZ_blood_benzene_ng_ml,0.5846443458383757,False,False
LBXVCT_blood_carbon_tetrachloride_ng_ml,0.5846443458383757,False,False
LBDVC6LC_blood_cyclohexane_comment_code,0.5843754201963157,False,False
LBDVDBLC_blood_1_4_dichlorobenzene_comment_code,0.5843754201963157,False,False
LBXVC6_blood_cyclohexane_ng_ml,0.5843754201963157,False,False
LBXVDB_blood_1_4_dichlorobenzene_ng_ml,0.5843754201963157,False,False
LBDV1DLC_blood_1_2_dichlorobenzene_comment_code,0.5841064945542558,False,False
LBDVNBLC_blood_nitrobenzene_comment_code,0.5841064945542558,False,False
LBDVTCLC_blood_trichloroethene_comment_code,0.5841064945542558,False,False
LBDVVBLC_blood_vinyl_bromide_comment_code,0.5841064945542558,False,False
LBXV1D_blood_1_2_dichlorobenzene_ng_ml,0.5841064945542558,False,False
LBXVNB_blood_nitrobenzene_ng_ml,0.5841064945542558,False,False
LBXVTC_blood_trichloroethene_ng_ml,0.5841064945542558,False,False
LBXVVB_blood_vinyl_bromide_ng_ml,0.5841064945542558,False,False
LBDV07LC_blood_heptane_comment_code,0.5839720317332258,False,False
LBDVFNLC_blood_furan_comment_code,0.5839720317332258,False,False
LBXV07N_blood_heptane_ng_ml,0.5839720317332258,False,False
LBXVFN_blood_furan_ng_ml,0.5839720317332258,False,False
LBDV2ALC_blood_1_2_dichloroethane_comment_code,0.5838375689121957,False,False
LBXV2A_blood_1_2_dichloroethane_ng_ml,0.5838375689121957,False,False
LBDVXYLC_blood_m_p_xylene_comment_code,0.5834341804491058,False,False
LBXVXY_blood_m_p_xylene_ng_ml,0.5834341804491058,False,False
LBDVTPLC_blood_1_2_3_trichloropropane_comt_code,0.5832997176280759,False,False
LBXVTP_blood_1_2_3_trichloropropane_ng_ml,0.5832997176280759,False,False
LBDVCFLC_blood_chloroform_comment_code,0.5826274035229259,False,False
LBXVCF_blood_chloroform_ng_ml,0.5826274035229259,False,False
LBDVMKLC_blood_methyl_isobutyl_ketone_comt_code,0.582492940701896,False,False
LBXVMIK_blood_methyl_isobutyl_ketone_ng_ml,0.582492940701896,False,False
LBDV08LC_blood_octane_comment_code,0.582224015059836,False,False
LBXV08N_blood_octane_ng_ml,0.582224015059836,False,False
LBDVBMLC_blood_bromodichloromethane_comment_code,0.582089552238806,False,False
LBDVCMLC_blood_dibromochloromethane_comment_code,0.582089552238806,False,False
LBXVBM_blood_bromodichloromethane_ng_ml,0.582089552238806,False,False
LBXVCM_blood_dibromochloromethane_ng_ml,0.582089552238806,False,False
LBD2DFLC_blood_2_5_dimethylfuran_comment_code,0.581955089417776,False,False
LBD4CELC_blood_1_1_1_2_tetrachloroethane_cmt_code,0.581955089417776,False,False
LBDVCBLC_blood_chlorobenzene_comment_code,0.581955089417776,False,False
LBDVEBLC_blood_ethylbenzene_comment_code,0.581955089417776,False,False
LBDVOXLC_blood_o_xylene_comment_code,0.581955089417776,False,False
LBDVZBLC_blood_benzonitrile_comment_code,0.581955089417776,False,False
LBX2DF_blood_2_5_dimethylfuran_ng_ml,0.581955089417776,False,False
LBX4CE_blood_1_1_1_2_tetrachloroethane_ng_ml,0.581955089417776,False,False
LBXV3B_blood_1_3_dichlorobenzene_ng_ml,0.581955089417776,False,False
LBXVBZN_blood_benzonitrile_ng_ml,0.581955089417776,False,False
LBXVCB_blood_chlorobenzene_ng_ml,0.581955089417776,False,False
LBXVDE_blood_1_2_dibromoethane_ng_ml,0.581955089417776,False,False
LBXVEB_blood_ethylbenzene_ng_ml,0.581955089417776,False,False
LBXVOX_blood_o_xylene_ng_ml,0.581955089417776,False,False
rhq305___had_both_ovaries_removed?,0.5807449240285061,False,False
pad675___minutes_moderate_recreational_activities,0.5783245932499664,False,False
rhd280___had_a_hysterectomy?,0.5783245932499664,False,False
rhq540___ever_use_female_hormones?,0.5780556676079064,False,False
paq670___days_moderate_recreational_activities,0.5772488906817265,False,False
LBDLDLM_ldl_cholesterol_martin_hopkins_mg_dl,0.5769799650396665,False,False
LBDLDLSI_ldl_cholesterol_friedewald_mmol_l,0.5769799650396665,False,False
LBDLDL_ldl_cholesterol_friedewald_mg_dl,0.5769799650396665,False,False
LBDLDMSI_ldl_cholesterol_martin_hopkins_mmol_l,0.5769799650396665,False,False
rhq131___ever_been_pregnant?,0.5760387252924566,False,False
LBDINLC,0.5746940970821568,False,False
LBDINSI,0.5746940970821568,False,False
insulin_uU_ml,0.5746940970821568,False,False
LBDLDLN_ldl_cholesterol_nih_equation_2_mg_dl,0.5740217829770069,False,False
LBDLDNSI_ldl_cholesterol_nih_equation_2_mmol_l,0.5740217829770069,False,False
LBDTRSI_triglyceride_mmol_l,0.573080543229797,False,False
triglycerides_mg_dl,0.573080543229797,False,False
LBDGLUSI_fasting_glucose_mmol_l,0.5655506252521177,False,False
fasting_glucose_mg_dl,0.5655506252521177,False,False
agq030___did_sp_have_episode_of_hay_fever/past_yr,0.5629958316525481,False,False
rhq031___had_regular_periods_in_past_12_months,0.5511631034019093,False,False
rhq010___age_when_first_menstrual_period_occurred,0.5506252521177895,False,False
pad630___minutes_moderate_intensity_work,0.5447088879924701,False,False
paq625___number_of_days_moderate_work,0.5429608713190803,False,False
WTSAFPRP_fasting_subsample_weight,0.5389269866881807,False,False
rxdrsd1___icd_10_cm_code_1_description,0.5343552507731613,False,False
WTSVOCPR_voc_subsample_weight_pre_pandemic,0.5336829366680113,False,False
rxddrgid___generic_drug_code,0.527497646900632,False,False
rxddays___number_of_days_taken_medicine,0.5269597956165121,False,False
rxqseen___medicine_container_seen_by_interviewer,0.526825332795482,False,False
rxdrsc1___icd_10_cm_code_1,0.526690869974452,False,False
rxd_disease_list,0.5254807045851821,False,False
medication_1,0.5116310340190937,False,False
rxdcount___number_of_prescription_medicines_taken,0.5116310340190937,False,False
rxddrug___generic_drug_name,0.5116310340190937,False,False
LBDBCRLC_chromium_comment_code,0.49966384294742505,False,False
LBDBCRSI_chromium_nmol_l,0.49966384294742505,False,False
LBXBCR_chromium_ug_l,0.49966384294742505,False,False
LBDBCOLC_cobalt_comment_code,0.49952938012639503,False,False
LBDBCOSI_cobalt_nmol_l,0.49952938012639503,False,False
LBXBCO_cobalt_ug_l,0.49952938012639503,False,False
osq230___any_metal_objects_inside_your_body?,0.44157590426247145,False,False
cdq010___shortness_of_breath_on_stairs/inclines,0.43982788758908165,False,False
cdq001___sp_ever_had_pain_or_discomfort_in_chest,0.43848325937878174,False,False
LBDFOTSI_serum_total_folate_nmol_l,0.42342342342342343,False,False
LBDFOT_serum_total_folate_ng_ml,0.42342342342342343,False,False
LBDSF1LC_5_methyl_tetrahydrofolate_cmt,0.42342342342342343,False,False
LBDSF2LC_folic_acid_cmt,0.42342342342342343,False,False
LBDSF3LC_5_formyl_tetrahydrofolate_cmt,0.42342342342342343,False,False
LBDSF4LC_tetrahydrofolate_cmt,0.42342342342342343,False,False
LBDSF5LC_5_10_methenyl_tetrahydrofolate_cmt,0.42342342342342343,False,False
LBXSF1SI_5_methyl_tetrahydrofolate_nmol_l,0.42342342342342343,False,False
LBXSF2SI_folic_acid_nmol_l,0.42342342342342343,False,False
LBXSF3SI_5_formyl_tetrahydrofolate_nmol_l,0.42342342342342343,False,False
LBXSF4SI_tetrahydrofolate_nmol_l,0.42342342342342343,False,False
LBXSF5SI_5_10_methenyl_tetrahydrofolate_nmol_l,0.42342342342342343,False,False
LBXSF6SI_mefox_oxidation_product_nmol_l,0.42342342342342343,False,False
LBDRFOSI_rbc_folate_nmol_l,0.418179373403254,False,False
LBDRFO_rbc_folate_ng_ml,0.418179373403254,False,False
WTFOLPRP_folate_folate_form_weight_pre_pandemic,0.38066424633588813,False,False
SSMEASI_measles_igg_antibody_mba_interpretation,0.3754201963157187,False,False
SSMEASQC_measles_igg_antibody_mba_comment,0.3754201963157187,False,False
SSMEASQ_measles_igg_antibody_mba_quantitative,0.3754201963157187,False,False
SSMUMPI_mumps_igg_antibody_mba_interpretation,0.3754201963157187,False,False
SSMUMPQC_mumps_igg_antibody_mba_comment,0.3754201963157187,False,False
SSMUMPQ_mumps_igg_antibody_mba_quantitative,0.3754201963157187,False,False
SSRUBI_rubella_igg_antibody_mba_interpretation,0.3754201963157187,False,False
SSRUBQC_rubella_igg_antibody_mba_comment,0.3754201963157187,False,False
SSRUBQ_rubella_igg_antibody_mba_quantitative,0.3754201963157187,False,False
SSVARINT_varicella_overall_interpretation,0.3754201963157187,False,False
SSVARMI_varicella_igg_antibody_mba_interpret,0.3754201963157187,False,False
SSVARMQC_varicella_igg_antibody_mba_comment,0.3754201963157187,False,False
SSVARMQ_varicella_igg_antibody_mba_quantitative,0.3754201963157187,False,False
whd110___self_reported_weight_10_yrs_ago_(pounds),0.36372193088611,False,False
alq170___past_30_days_#_times_4_5_drinks_on_an_oc,0.35350275648783114,False,False
alq130___avg_#_alcoholic_drinks/day___past_12_mos,0.3489310205728116,False,False
alq142___#_days_have_4_or_5_drinks/past_12_mos,0.3489310205728116,False,False
ocq180___hours_worked_last_week_in_total_all_jobs,0.3419389538792524,False,False
ocq670___overall_work_schedule_past_3_months,0.31692886916767515,False,False
bpq060___ever_had_blood_cholesterol_checked,0.29958316525480705,False,False
bpq070___when_blood_cholesterol_last_checked,0.28869167675137825,False,False
bpq090d___told_to_take_prescriptn_for_cholesterol,0.2878848998251983,False,False
LBDES1LC_estrone_sulfate_comment_code,0.2784725023530994,False,False
LBDES1SI_estrone_sulfate_pmol_l,0.2784725023530994,False,False
LBXES1_estrone_sulfate_pg_ml,0.2784725023530994,False,False
LBDESOLC_estrone_comment_code,0.2693290305230604,False,False
LBDESOSI_estrone_pmol_l,0.2693290305230604,False,False
LBXESO_estrone_ng_dl,0.2693290305230604,False,False
LBDESTLC_estradiol_comment_code,0.2665053112814307,False,False
LBDESTSI_estradiol_pmol_l,0.2665053112814307,False,False
LBXEST_estradiol_pg_ml,0.2665053112814307,False,False
LBDFSHLC_fsh_comment_code,0.24593249966384295,False,False
LBDPG4LC_progesterone_comment_code,0.24593249966384295,False,False
LBDPG4SI_progesterone_nmol_l,0.24593249966384295,False,False
LBXFSH_follicle_stimulating_hormone_miu_ml,0.24593249966384295,False,False
LBXPG4_progesterone_ng_dl,0.24593249966384295,False,False
LBD17HLC_17a_hydroxyprogesterone_comment_code,0.24378109452736318,False,False
LBD17HSI_17a_hydroxyprogesterone_nmol_l,0.24378109452736318,False,False
LBDSHGLC_shbg_comment_code,0.24378109452736318,False,False
LBX17H_17a_hydroxyprogesterone_ng_dl,0.24378109452736318,False,False
LBXSHBG_shbg_nmol_l,0.24378109452736318,False,False
LBDLUHLC_luteinizing_hormone_comment_code,0.24324324324324326,False,False
LBXLUH_luteinizing_hormone_miu_ml,0.24324324324324326,False,False
LBDANDLC_androstenedione_comment_code,0.24203307785397338,False,False
LBDANDSI_androstenedione_nmol_l,0.24203307785397338,False,False
LBXAND_androstenedione_ng_dl,0.24203307785397338,False,False
pulse_3,0.23302406884496438,False,False
pulse_2,0.2319483662767245,False,False
pulse_1,0.23127605217157457,False,False
alq151___ever_have_4/5_or_more_drinks_every_day?,0.21769530724754604,False,False
WTSSMMPP_surplus_spec_mmrv_weights_prepandemic,0.21688853032136615,False,False
alq121___past_12_mo_how_often_drink_alcoholic_bev,0.21675406750033616,False,False
URDFLOW1_urine_1_flow_rate_ml_min,0.20613150463896732,False,False
URDTIME1_minutes_b_w_last_urination_urine_1,0.20613150463896732,False,False
whd120___self_reported_weight_age_25_(pounds),0.18959257765227913,False,False
kiq046___leak_urine_during_nonphysical_activities,0.18246604813768993,False,False
kiq044___urinated_before_reaching_the_toilet?,0.18233158531665994,False,False
kiq005___how_often_have_urinary_leakage?,0.18206265967459997,False,False
kiq042___leak_urine_during_physical_activities?,0.18206265967459997,False,False
kiq480___how_many_times_urinate_in_night?,0.18206265967459997,False,False
LBXHCT_hematocrit,0.1690197660346914,False,False
LBXHGB_hemoglobin_g_dl,0.1690197660346914,False,False
LBXMCHSI_mean_cell_hemoglobin_pg,0.1690197660346914,False,False
LBXMCVSI_mean_cell_volume_fl,0.1690197660346914,False,False
LBXRBCSI_red_blood_cell_count_million_cells_ul,0.1690197660346914,False,False
dbp_3,0.16337232755143202,False,False
sbp_3,0.16337232755143202,False,False
dbp_2,0.16202769934113218,False,False
sbp_2,0.16202769934113218,False,False
dbp_1,0.16135538523598225,False,False
sbp_1,0.16135538523598225,False,False
LBXSLDSI_lactate_dehydrogenase_ldh_iu_l,0.16041414548877236,False,False
income_poverty_ratio,0.15032943391152345,False,False
ast_u_l,0.14495092107032406,False,False
LBDTIBSI_tot_iron_binding_capacity_tibc_umol_l,0.14414414414414414,False,False
tibc_ug_dl,0.14414414414414414,False,False
transferrin_saturation_pct,0.14414414414414414,False,False
LBDUIBLC_uibc_serum_comment_code,0.14333736721796422,False,False
LBDUIBSI_uibc_serum_umol_l,0.14333736721796422,False,False
LBXUIB_uibc_serum_ug_dl,0.14333736721796422,False,False
LBDHRPLC_hs_c_reactive_protein_comment_code,0.14239612747075434,False,False
LBXHSCRP_hs_c_reactive_protein_mg_l,0.14239612747075434,False,False
LBDHCI_hepatitis_c_antibody_confirmed,0.14226166464972434,False,False
LBXSKSI_potassium_mmol_l,0.1417238133656044,False,False
LBXSCK_creatine_phosphokinase_cpk_iu_l,0.14145488772354445,False,False
ggt_u_l,0.14145488772354445,False,False
LBXHA_hepatitis_a_antibody,0.14132042490251445,False,False
alt_u_l,0.14132042490251445,False,False
bun_mg_dl,0.14132042490251445,False,False
LBDSATLC_alt_comment_code,0.14118596208148446,False,False
LBDSBUSI_blood_urea_nitrogen_mmol_l,0.14118596208148446,False,False
LBDSCASI_total_calcium_mmol_l,0.14118596208148446,False,False
LBDSGBSI_globulin_g_l,0.14118596208148446,False,False
LBDSGLSI_glucose_refrigerated_serum_mmol_l,0.14118596208148446,False,False
LBDSGTLC_ggt_comment_code,0.14118596208148446,False,False
LBDSIRSI_iron_refrigerated_serum_umol_l,0.14118596208148446,False,False
LBDSPHSI_phosphorus_mmol_l,0.14118596208148446,False,False
LBDSTPSI_total_protein_g_l,0.14118596208148446,False,False
LBDSTRSI_triglycerides_refrig_serum_mmol_l,0.14118596208148446,False,False
LBDSUASI_uric_acid_umol_l,0.14118596208148446,False,False
LBXSBU_blood_urea_nitrogen_mg_dl,0.14118596208148446,False,False
LBXSC3SI_bicarbonate_mmol_l,0.14118596208148446,False,False
LBXSCA_total_calcium_mg_dl,0.14118596208148446,False,False
LBXSGB_globulin_g_dl,0.14118596208148446,False,False
LBXSGL_glucose_refrigerated_serum_mg_dl,0.14118596208148446,False,False
LBXSIR_iron_refrigerated_serum_ug_dl,0.14118596208148446,False,False
LBXSOSSI_osmolality_mmol_kg,0.14118596208148446,False,False
LBXSPH_phosphorus_mg_dl,0.14118596208148446,False,False
LBXSTP_total_protein_g_dl,0.14118596208148446,False,False
LBXSTR_triglycerides_refrig_serum_mg_dl,0.14118596208148446,False,False
LBXSUA_uric_acid_mg_dl,0.14118596208148446,False,False
alp_u_l,0.14118596208148446,False,False
LBDSTBSI_total_bilirubin_umol_l,0.1410514992604545,False,False
LBXHCR_hepatitis_c_rna,0.1410514992604545,False,False
LBDSCHSI_cholesterol_refrigerated_serum_mmol_l,0.1409170364394245,False,False
LBDSCRSI_creatinine_refrigerated_serum_umol_l,0.1409170364394245,False,False
LBDSTBLC_total_bilirubin_comment_code,0.1409170364394245,False,False
LBXSCH_cholesterol_refrigerated_serum_mg_dl,0.1409170364394245,False,False
serum_creatinine_mg_dl,0.1409170364394245,False,False
total_bilirubin_mg_dl,0.1409170364394245,False,False
LBDSALSI_albumin_refrigerated_serum_g_l,0.14078257361839452,False,False
LBXSCLSI_chloride_mmol_l,0.14078257361839452,False,False
LBXSNASI_sodium_mmol_l,0.14078257361839452,False,False
serum_albumin_g_dl,0.14078257361839452,False,False
whq070___tried_to_lose_weight_in_past_year,0.14051364797633453,False,False
LBDIRNSI_iron_frozen_serum_umol_l,0.13876563130294473,False,False
serum_iron_ug_dl,0.13876563130294473,False,False
any_root_caries,0.1380933171977948,False,False
any_root_restoration_caries,0.13768992873470484,False,False
LBDHDDSI_direct_hdl_cholesterol_mmol_l,0.13701761462955492,False,False
LBDTCSI_total_cholesterol_mmol_l,0.13701761462955492,False,False
hdl_cholesterol_mg_dl,0.13701761462955492,False,False
total_cholesterol_mg_dl,0.13701761462955492,False,False
LBDCOTLC_cotinine_serum_comment_code,0.13405943256689526,False,False
LBDHCOLC_hydroxycotinine_serum_comment_code,0.13405943256689526,False,False
LBXCOT_cotinine_serum_ng_ml,0.13405943256689526,False,False
LBXHCOT_hydroxycotinine_serum_ng_ml,0.13405943256689526,False,False
LBXHBS_hepatitis_b_surface_antibody,0.13338711846174534,False,False
LBDHEG_hepatitis_e_igg_anti_hev,0.13217695307247546,False,False
LBDHD_hepatitis_d_antibody_anti_hdv,0.1320424902514455,False,False
SSLBDHD_hepatitis_d_antibody_anti_hdv_retesting,0.1320424902514455,False,False
LBDHBG_hepatitis_b_surface_antigen,0.1319080274304155,False,False
LBDHEM_hepatitis_e_igm_anti_hev,0.1319080274304155,False,False
LBXHBC_hepatitis_b_core_antibody,0.13163910178835553,False,False
LBDFERSI_ferritin_ug_l,0.13150463896732553,False,False
ferritin_ng_ml,0.13150463896732553,False,False
diq160___ever_told_you_have_prediabetes,0.1309667876832056,False,False
dpq040___feeling_tired_or_having_little_energy,0.1309667876832056,False,False
fatigue_binary_lenient,0.1309667876832056,False,False
fatigue_binary_strict,0.1309667876832056,False,False
fatigue_ordinal,0.1309667876832056,False,False
diq180___had_blood_tested_past_three_years,0.12800860562054592,False,False
alq111___ever_had_a_drink_of_any_kind_of_alcohol,0.127470754336426,False,False
liver_stiffness_iqr_ratio,0.12572273766303618,False,False
liver_cap_dbm,0.12531934919994622,False,False
liver_stiffness_kpa,0.12518488637891623,False,False
liver_valid_measures,0.12491596073685626,False,False
LBDBGELC_mercury_ethyl_comment_code,0.12263009277934651,False,False
LBDBGESI_mercury_ethyl_nmol_l,0.12263009277934651,False,False
LBDBGMLC_mercury_methyl_comment_code,0.12263009277934651,False,False
LBDBGMSI_mercury_methyl_nmol_l,0.12263009277934651,False,False
LBDIHGLC_mercury_inorganic_comment_code,0.12263009277934651,False,False
LBDIHGSI_mercury_inorganic_nmol_l,0.12263009277934651,False,False
LBXBGE_mercury_ethyl_ug_l,0.12263009277934651,False,False
LBXBGM_mercury_methyl_ug_l,0.12263009277934651,False,False
LBXIHG_mercury_inorganic_ug_l,0.12263009277934651,False,False
LBXGH_glycohemoglobin,0.12115100174801667,False,False
LBDBCDLC_blood_cadmium_comment_code,0.12020976200080678,False,False
LBDBCDSI_blood_cadmium_nmol_l,0.12020976200080678,False,False
LBDBMNSI_blood_manganese_nmol_l,0.12020976200080678,False,False
LBDBPBLC_blood_lead_comment_code,0.12020976200080678,False,False
LBDBPBSI_blood_lead_umol_l,0.12020976200080678,False,False
LBDBSELC_blood_selenium_comment_code,0.12020976200080678,False,False
LBDBSESI_blood_selenium_umol_l,0.12020976200080678,False,False
LBDTHGLC_blood_mercury_total_comment_code,0.12020976200080678,False,False
LBDTHGSI_blood_mercury_total_nmol_l,0.12020976200080678,False,False
LBXBCD_blood_cadmium_ug_l,0.12020976200080678,False,False
LBXBMN_blood_manganese_ug_l,0.12020976200080678,False,False
LBXBPB_blood_lead_ug_dl,0.12020976200080678,False,False
LBXBSE_blood_selenium_ug_l,0.12020976200080678,False,False
LBXTHG_blood_mercury_total_ug_l,0.12020976200080678,False,False
LBXNRBC_nucleated_red_blood_cells_100_wbc,0.11778943122226704,False,False
LBDBANO_basophils_number_1000_cells_ul,0.11765496840123706,False,False
LBDEONO_eosinophils_number_1000_cells_ul,0.11765496840123706,False,False
LBDLYMNO_lymphocyte_number_1000_cells_ul,0.11765496840123706,False,False
LBDMONO_monocyte_number_1000_cells_ul,0.11765496840123706,False,False
LBDNENO_segmented_neutrophils_num_1000_cell_ul,0.11765496840123706,False,False
LBXBAPCT_basophils_percent,0.11765496840123706,False,False
LBXEOPCT_eosinophils_percent,0.11765496840123706,False,False
LBXLYPCT_lymphocyte_percent,0.11765496840123706,False,False
LBXMOPCT_monocyte_percent,0.11765496840123706,False,False
LBXNEPCT_segmented_neutrophils_percent,0.11765496840123706,False,False
LBXMC_mean_cell_hgb_conc_g_dl,0.1172515799381471,False,False
LBXMPSI_mean_platelet_volume_fl,0.1172515799381471,False,False
LBXPLTSI_platelet_count_1000_cells_ul,0.1172515799381471,False,False
LBXRDW_red_cell_distribution_width,0.1172515799381471,False,False
LBXWBCSI_white_blood_cell_count_1000_cells_ul,0.1172515799381471,False,False
waist_cm,0.11160414145488773,False,False
hip_cm,0.10985612478149792,False,False
any_implant,0.1082425709291381,False,False
URDUCRLC_creatinine_urine_comment_code,0.0882076105956703,False,False
URDUMALC_albumin_urine_comment_code,0.0882076105956703,False,False
URXCRS_creatinine_urine_umol_l,0.0882076105956703,False,False
URXUCR_creatinine_urine_mg_dl,0.0882076105956703,False,False
URXUMA_albumin_urine_ug_ml,0.0882076105956703,False,False
uacr_mg_g,0.0882076105956703,False,False
URXVOL1_the_volume_of_urine_collection_1_ml,0.08766975931155035,False,False
PHQ020_coffee_or_tea_with_cream_or_sugar,0.08592174263816055,False,False
PHQ030_alcohol_such_as_beer_wine_or_liquor,0.08592174263816055,False,False
PHQ040_gum_mints_lozenges_or_cough_drops,0.08592174263816055,False,False
PHQ050_antacids_laxatives_or_anti_diarrheals,0.08592174263816055,False,False
PHQ060_dietary_supplements,0.08592174263816055,False,False
fasting_hours_part,0.08592174263816055,False,False
fasting_minutes_part,0.08592174263816055,False,False
mcq300a___close_relative_had_heart_attack,0.08377033750168078,False,False
bmi,0.08121554390211107,False,False
height_cm,0.08027430415490117,False,False
weight_kg,0.08013984133387118,False,False
mcq300c___close_relative_had_diabetes,0.07408901438752186,False,False
PHDSESN_session_in_which_sp_was_examined,0.06871050154632244,False,False
WTTSTPP_tst_subsample_weights_pre_pandemic,0.06871050154632244,False,False
liver_exam_status,0.06871050154632244,False,False
mcq160d___ever_told_you_had_angina,0.06467661691542288,False,False
kiq026___ever_had_kidney_stones?,0.0645421540943929,False,False
mcq160a___ever_told_you_had_arthritis,0.063735377168213,False,False
mcq160m___ever_told_you_had_thyroid_problem,0.063600914347183,False,False
mcq550___has_dr_ever_said_you_have_gallstones,0.063600914347183,False,False
mcq160b___ever_told_you_had_congestive_heart_failure,0.06346645152615302,False,False
mcq160c___ever_told_you_had_coronary_heart_disease,0.06346645152615302,False,False
mcq160l___ever_told_you_had_any_liver_condition,0.06346645152615302,False,False
mcq160e___ever_told_you_had_heart_attack,0.06319752588409305,False,False
mcq160f___ever_told_you_had_stroke,0.06306306306306306,False,False
mcq160p___ever_told_you_had_copd_emphysema,0.06306306306306306,False,False
mcq520___abdominal_pain_during_past_12_months?,0.0627941374210031,False,False
kiq022___ever_told_you_had_weak/failing_kidneys?,0.06265967459997311,False,False
mcq220___ever_told_you_had_cancer_or_malignancy,0.06252521177894312,False,False
mcq560___ever_had_gallbladder_surgery?,0.06225628613688315,False,False
education,0.06198736049482318,False,False
marital_status,0.06198736049482318,False,False
slq040___how_often_do_you_snort_or_stop_breathing,0.04383487965577518,False,False
mcq300b___close_relative_had_asthma,0.017883555196988032,False,False
huq051___#times_receive_healthcare_over_past_year,0.016673389807718167,False,False
whq150___age_when_heaviest_weight,0.013446282102998522,False,False
sld013___sleep_hours___weekends,0.008605620545919053,False,False
sld012___sleep_hours___weekdays_or_workdays,0.007126529514589216,False,False
mcq092___ever_receive_blood_transfusion,0.006992066693559231,False,False
slq300___usual_sleep_time_on_weekdays_or_workdays,0.00645421540943929,False,False
slq310___usual_wake_time_on_weekdays_or_workdays,0.00618528976737932,False,False
slq320___usual_sleep_time_on_weekends,0.005916364125319349,False,False
whd010___current_self_reported_height_(inches),0.005916364125319349,False,False
slq330___usual_wake_time_on_weekends,0.005781901304289364,False,False
bpq080___doctor_told_you___high_cholesterol_level,0.004975124378109453,False,False
heq010___ever_told_you_have_hepatitis_b?,0.004033884630899556,False,False
whq225___times_lost_10_lbs_or_more_to_lose_weight,0.004033884630899556,False,False
heq030___ever_told_you_have_hepatitis_c?,0.003764958988839586,False,False
pad680___minutes_sedentary_activity,0.0022858679575097486,False,False
whq030___how_do_you_consider_your_weight,0.002151405136479763,False,False
mcq053___taking_treatment_for_anemia/past_3_mos,0.0014790910313298372,False,False
huq010___general_health_condition,0.0012101653892698668,False,False
infection_inflammation,0.0012101653892698668,False,False
mcq080___doctor_ever_said_you_were_overweight,0.0012101653892698668,False,False
mcq366c___doctor_told_to_reduce_salt,0.0012101653892698668,False,False
"rxduse___taken_prescription_medicine,_past_month",0.0012101653892698668,False,False
bpq020___ever_told_you_had_high_blood_pressure,0.0010757025682398816,False,False
mcq010___ever_been_told_you_have_asthma,0.0010757025682398816,False,False
mcq371a___doing_controlling_weight,0.0010757025682398816,False,False
mcq366d___doctor_told_to_reduce_fat_in_diet,0.0008067769261799112,False,False
mcq371d___doing_reducing_fat_in_diet,0.0008067769261799112,False,False
slq050___ever_told_doctor_had_trouble_sleeping?,0.0008067769261799112,False,False
paq605___vigorous_work_activity,0.000672314105149926,False,False
"whq040___like_to_weigh_more,_less_or_same",0.000672314105149926,False,False
paq620___moderate_work_activity,0.0005378512841199408,False,False
diq010___doctor_told_you_have_diabetes,0.0004033884630899556,False,False
huq030___routine_place_to_go_for_healthcare,0.0004033884630899556,False,False
mcq371c___doing_reducing_salt,0.0004033884630899556,False,False
smq020___smoked_at_least_100_cigarettes_in_life,0.0004033884630899556,False,False
huq090___seen_mental_health_professional/past_yr,0.0002689256420599704,False,False
mcq366a___doctor_told_to_control_weight,0.0002689256420599704,False,False
mcq366b___doctor_told_to_increase_exercise,0.0002689256420599704,False,False
mcq371b___doing_increasing_exercise,0.0002689256420599704,False,False
huq071___overnight_hospital_patient_in_last_year,0.0001344628210299852,False,False
ocd150___type_of_work_done_last_week,0.0001344628210299852,False,False
paq635___walk_or_bicycle,0.0001344628210299852,False,False
whd140___self_reported_greatest_weight_(pounds),0.0001344628210299852,False,False
CFS_suspect,0.0,False,False
SEQN,0.0,False,False
SEQN.1,0.0,False,False
age_years,0.0,False,False
alcohol,0.0,False,False
anemia,0.0,False,False
anxiety,0.0,False,False
cluster,0.0,False,False
coronary_heart,0.0,False,False
country_of_birth,0.0,False,False
depression,0.0,False,False
diabetes,0.0,False,False
electrolyte_imbalance,0.0,False,False
emphysema_lungs,0.0,False,False
ethnicity,0.0,False,False
gender,0.0,False,False
heart_failure,0.0,False,False
hepatic_insufficiency,0.0,False,False
hepatitis_bc,0.0,False,False
high_blood_pressure,0.0,False,False
high_cholesterol,0.0,False,False
interview_weight,0.0,False,False
iron_deficiency,0.0,False,False
kidney,0.0,False,False
liver,0.0,False,False
mec_exam_weight,0.0,False,False
med_count,0.0,False,False
menopause,0.0,False,False
myalgia,0.0,False,False
nan_count,0.0,False,False
nan_group,0.0,False,False
overweight,0.0,False,False
paq650___vigorous_recreational_activities,0.0,False,False
paq665___moderate_recreational_activities,0.0,False,False
prediabetes,0.0,False,False
sleep_disorder,0.0,False,False
slq030___how_often_do_you_snore?,0.0,False,False
smaquex2___questionnaire_mode_flag,0.0,False,False
survey_psu,0.0,False,False
survey_stratum,0.0,False,False
thyroid,0.0,False,False
whd020___current_self_reported_weight_(pounds),0.0,False,False
whd050___self_reported_weight___1_yr_ago_(pounds),0.0,False,False
